Run,Messages,Loss,Corruption,Time_bw_messages,Application_A,Transport_A,Transport_B,Application_B,Total_time,Throughput
1,1000,0.8,0.2,50.0,1000,43975,8794,170,50698.324219,0.003353
2,1000,0.8,0.2,50.0,1000,45723,8921,183,50720.718750,0.003608
3,1000,0.8,0.2,50.0,1000,44058,8683,191,49209.132812,0.003881
4,1000,0.8,0.2,50.0,1000,46373,8786,157,49457.218750,0.003174
5,1000,0.8,0.2,50.0,1000,44793,8859,177,50332.097656,0.003517
6,1000,0.8,0.2,50.0,1000,43188,8581,195,49413.925781,0.003946
7,1000,0.8,0.2,50.0,1000,42604,8385,158,48735.859375,0.003242
8,1000,0.8,0.2,50.0,1000,45281,8902,162,51143.453125,0.003168
9,1000,0.8,0.2,50.0,1000,44785,8701,178,49319.816406,0.003609
10,1000,0.8,0.2,50.0,1000,45217,8946,184,50776.488281,0.003624
