Run,Messages,Loss,Corruption,Time_bw_messages,Application_A,Transport_A,Transport_B,Application_B,Total_time,Throughput
1,1000,0.1,0.2,50.0,1000,2560,2316,999,49301.960938,0.020263
2,1000,0.1,0.2,50.0,1000,2424,2182,999,50343.246094,0.019844
3,1000,0.1,0.2,50.0,1000,4068,3602,858,50008.730469,0.017157
4,1000,0.1,0.2,50.0,1000,2065,1872,998,51358.519531,0.019432
5,1000,0.1,0.2,50.0,1000,2095,1888,997,49138.632812,0.020290
6,1000,0.1,0.2,50.0,1000,4030,3638,820,48992.171875,0.016737
7,1000,0.1,0.2,50.0,1000,4904,4355,729,50039.542969,0.014568
8,1000,0.1,0.2,50.0,1000,8070,7275,431,50553.617188,0.008526
9,1000,0.1,0.2,50.0,1000,5596,4967,653,50041.078125,0.013049
10,1000,0.1,0.2,50.0,1000,3490,3124,851,47176.218750,0.018039
