Run,Messages,Loss,Corruption,Time_bw_messages,Application_A,Transport_A,Transport_B,Application_B,Total_time,Throughput
1,1000,0.4,0.2,50.0,1000,1718,1017,7,51649.242188,0.000136
2,1000,0.4,0.2,50.0,1000,1654,1009,1,49656.554688,0.000020
3,1000,0.4,0.2,50.0,1000,1630,977,2,48966.390625,0.000041
4,1000,0.4,0.2,50.0,1000,1685,1035,1,50604.136719,0.000020
5,1000,0.4,0.2,50.0,1000,1636,990,4,49134.046875,0.000081
6,1000,0.4,0.2,50.0,1000,1613,993,1,48438.070312,0.000021
7,1000,0.4,0.2,50.0,1000,1636,992,0,49152.164062,0.000000
8,1000,0.4,0.2,50.0,1000,1687,1008,4,50755.570312,0.000079
9,1000,0.4,0.2,50.0,1000,1652,961,1,49578.878906,0.000020
10,1000,0.4,0.2,50.0,1000,1631,969,1,49008.531250,0.000020
