Run,Messages,Loss,Corruption,Time_bw_messages,Application_A,Transport_A,Transport_B,Application_B,Total_time,Throughput
1,1000,0.1,0.2,50.0,1000,2155,1947,979,49078.296875,0.019948
2,1000,0.1,0.2,50.0,1000,2281,2049,974,50163.273438,0.019417
3,1000,0.1,0.2,50.0,1000,2020,1806,996,49261.449219,0.020219
4,1000,0.1,0.2,50.0,1000,1999,1805,992,51293.824219,0.019340
5,1000,0.1,0.2,50.0,1000,2176,1965,976,48640.000000,0.020066
6,1000,0.1,0.2,50.0,1000,2352,2141,965,49504.277344,0.019493
7,1000,0.1,0.2,50.0,1000,2136,1902,982,50608.910156,0.019404
8,1000,0.1,0.2,50.0,1000,2269,2052,991,51864.382812,0.019108
9,1000,0.1,0.2,50.0,1000,2237,2018,992,49614.039062,0.019994
10,1000,0.1,0.2,50.0,1000,1967,1783,992,47581.816406,0.020848
