Run,Messages,Loss,Corruption,Time_bw_messages,Application_A,Transport_A,Transport_B,Application_B,Total_time,Throughput
1,1000,0.6,0.2,50.0,1000,10255,4068,528,51867.394531,0.010180
2,1000,0.6,0.2,50.0,1000,9953,3903,465,48997.500000,0.009490
3,1000,0.6,0.2,50.0,1000,10094,4002,436,50134.304688,0.008697
4,1000,0.6,0.2,50.0,1000,10139,4106,495,51026.378906,0.009701
5,1000,0.6,0.2,50.0,1000,9607,3846,422,46967.187500,0.008985
6,1000,0.6,0.2,50.0,1000,9955,4024,540,50929.867188,0.010603
7,1000,0.6,0.2,50.0,1000,10463,4161,496,51007.113281,0.009724
8,1000,0.6,0.2,50.0,1000,9712,3913,553,49870.320312,0.011089
9,1000,0.6,0.2,50.0,1000,9741,3888,498,48224.429688,0.010327
10,1000,0.6,0.2,50.0,1000,9964,4014,484,49558.289062,0.009766
